Block	Plot	Class	Order	Family	Genus	Species	Abundance	Juv	Notes	9046
JHW	N	Insecta	Coleoptera	Carabidae	Pterostichus	madidus	7			
JHW	N	Insecta	Coleoptera	Carabidae	Amara	lunicollis	15			
JHW	N	Insecta	Coleoptera	Carabidae	Amara	communis	1			
JHW	N	Insecta	Coleoptera	Carabidae	Nebria	brevicollis	2			
JHW	N	Malacostraca	Isopoda	Armadillidiidae	Armadillidium	vulgare	4			
JHW	N	Malacostraca	Isopoda	Philosciidae	Philoscia	muscorum	8			
JHW	N	Insecta	Hemiptera	Pentatomoidea			3			
JHW	N	Insecta	Hemiptera	Pentatomoidea			1			
JHW	N	Insecta	Hemiptera	Pentatomoidea			1			
JHW	N	Insecta	Hemiptera	Heteroptera			2			
JHW	N	Chelicerata	Araneae	Lycosidae			11			
JHW	N	Chelicerata	Araneae	Small spiders			16		Small spiders	
JHW	N	Insecta	Diptera	Calyptratae			1		Typical looking fly	
JHW	N	Insecta	Hymenoptera	Formicidae			98		1 queen	
JHW	N	Insecta	Coleoptera	Staphylinidae			16		5mm long, black head, red abdomen, fades to black at the end	
JHW	N	Chelicerata	Opiliones				8			
JHW	N	Collembola	Entemobryomorpha				6			
JHW	N	Insecta	Diptera	Calyptratae			1		Small fly	
JHW	N	Insecta	Hemiptera				2		Tiny, red eyes	
JHW	N	Insecta	Coleoptera	Beetle larvae			3	y	tiny grubs	
JHW	N	Insecta	Hymenoptera	Parasitic wasp			1		parasitic wasp	
JHW	C	Insecta	Coleoptera	Silphidae			1	y		
JHW	C	Insecta	Coleoptera	Staphylinidae			2			
JHW	C	Insecta	Coleoptera	Carabidae	Pterostichus	madidus	8			
JHW	C	Insecta	Coleoptera	Carabidae	Harpalus	affinis	1			
JHW	C	Insecta	Coleoptera	Carabidae	Ophonus		1		Unidentified	
JHW	C	Insecta	Coleoptera	Carabidae	Amara	communis	1			
JHW	C	Insecta	Hymenoptera	Vespidae	Vespula	vulgaris	1			
JHW	C	Insecta	Hymenoptera	Anthophila			1			
JHW	C	Gastropoda	Stylommatophora	Slugs			1			
JHW	C	Chelicerata	Araneae	Lycosidae			27		Larger, over 5mm legspan	
JHW	C	Insecta	Hymenoptera	Formicidae			208		1 queen, multiple species	
JHW	C	Chelicerata	Opiliones				6			
JHW	C	Insecta	Coleoptera	Staphylinidae			33		5mm long, black head, red abdomen, fades to black at the end	
JHW	C	Insecta	Diptera				1	y	little maggot 5mm	
JHW	C	Diplopoda	Other milipedes				2		Tubular millipedes	
JHW	C	Malacostraca	Isopoda	Armadillidiidae	Armadillidium	vulgare	8			
JHW	C	Insecta	Coleoptera	Other beetles			1			
JHW	C	Insecta	Diptera	Calyptratae						
JHW	C	Insecta	Hemiptera	Pentatomoidea			1		6mm round bug	
JHW	C	Insecta	Hemiptera	Pentatomoidea			1		4mm round black bug	
JHW	C	Collembola	Entemobryomorpha				19			
JHW	C	Chelicerata	Araneae	Small spiders			23		Small spiders legspan under 5mm, some may be spiderlings	
JHW	C	Insecta	Coleoptera	Other beetles			1		3mm brown beetle	
JHW	C	Insecta	Coleoptera	Staphylinidae			1		4mm rove beetle, black head, pale orange thorax, dark orange/brown abdomen	
JHW	C	Insecta	Diptera	Calyptratae			2		Fruit flies?	
JHW	C	Insecta	Coleoptera	Beetle larvae			1	y	Pale soft grub, 3mm	
JHW	C	Insecta	Coleoptera	Beetle larvae			3	Y	Hard, segmented larvae	
JHW	C	Insecta	Hemiptera	Auchenorrhyncha						
JHW	C	Insecta	Hemiptera	Auchenorrhyncha						
JHW	C	Insecta	Hemiptera	Auchenorrhyncha						
JHW	S	Insecta	Hymenoptera	Formicidae			124		1 queen, 1 drone	
JHW	S	Insecta	Coleoptera	Staphylinidae			21		4mm rove beetle, black head, pale orange thorax, dark orange/brown abdomen, possibly Drusilla caniculata	
JHW	S	Insecta	Coleoptera	Staphylinidae			1		16mm long, black with brown legs	
JHW	S	Chelicerata	Araneae	Lycosidae			18			
JHW	S	Chelicerata	Araneae	Small spiders			5		Tiny spiders	
JHW	S	Chelicerata	Opiliones				3			
JHW	S	Diplopoda	Other milipedes				1		Tubular milllipede	
JHW	S	Collembola	Entemobryomorpha				9			
JHW	S	Malacostraca	Isopoda	Philosciidae	Philoscia	muscorum	1			
JHW	S	Malacostraca	Isopoda	Armadillidiidae	Armadillidium	vulgare	6			
JHW	S	Insecta	Coleoptera	Coccillenidae	Propylea	quattuordecimpunctata	1			
JHW	S	Insecta	Coleoptera							
JHW	S	Insecta	Diptera	Calyptratae			2			
JHW	S	Insecta	Diptera	Lower flies			1			
JHW	S	Insecta	Hymenoptera	Parasitic wasp			1			
JHW	S	Insecta	Hemiptera	Pentatomoidea			2			
JHW	S	Insecta	Hemiptera	Auchenorrhyncha			5			
JHW	S	Insecta	Hemiptera				1		1mm round flat wingless bug	
JHW	S	Insecta	Coleoptera	Curculionoidea			1			
JHW	S	Insecta	Coleoptera	Beetle larvae			3	y	4mm sharp jawed beetle larvae	
JHW	S	Insecta	Coleoptera	Carabidae	Harpalus	rufipes	2			
JHW	S	Insecta	Coleoptera	Carabidae	Pterostichus	madidus	14			
JHW	S	Insecta	Coleoptera	Carabidae	Amara	communis	9			
JHW	E	Insecta	Hymenoptera	Formicidae			135		1 winged queen	
JHW	E	Insecta	Coleoptera	Staphylinidae			32		4mm rove beetle, black head, pale orange thorax, dark orange/brown abdomen, possibly Drusilla caniculata	
JHW	E	Gastropoda	Stylommatophora	Slugs			1			
JHW	E	Insecta	Hemiptera	Aphididae			3		2 winged	
JHW	E	Insecta	Coleoptera	Cantharidae			1		11mm thin, long beetle, orange head and thorax, brown elytra fade to black	
JHW	E	Chelicerata	Araneae	Lycosidae			5			
JHW	E	Diplopoda	Other milipedes				1		Tubular millipede	
JHW	E	Insecta	Coleoptera	Carabidae	Pterostichus	madidus	6			
JHW	E	Insecta	Coleoptera	Carabidae	Amara	convexior	4			
JHW	E	Insecta	Coleoptera	Carabidae	Amara	communis	1			
JHW	E	Insecta	Coleoptera	Carabidae	Amara	montivaga	1			
JHW	E	Insecta	Lepidoptera				1		Macromoth 17mm length	
JHW	E	Insecta	Hymenoptera	Anthophila			1			
JHW	E	Insecta	Coleoptera	Other beetles			1		5mm thin beetle, hairy but shines green	
JHW	E	Collembola	Entemobryomorpha				13			
JHW	E	Chelicerata	Araneae	Small spiders			15		Tiny spiders	
JHW	E	Malacostraca	Isopoda	Philosciidae	Philoscia	muscorum	3			
JHW	E	Malacostraca	Isopoda	Armadillidiidae	Armadillidium	vulgare	3			
JHW	E	Insecta	Diptera	Calyptratae			2			
JHW	E	Insecta	Hemiptera	Auchenorrhyncha			5			
JHW	E	Insecta	Coleoptera	Beetle larvae			5	Y	Tiny larvae	
JHW	E	Chelicerata	Acariformes				1			
JHW	W	Chilopoda	Lithobiomorpha	Lithobiiade	Lithobius		1			
JHW	W	Gastropoda	Stylommatophora	Slugs			4			
JHW	W	Diplopoda	Other milipedes				2			
JHW	W	Chelicerata	Araneae	Lycosidae			14			
JHW	W	Insecta	Hymenoptera	Vespidae	Vespula	germanica	2			
JHW	W	Insecta	Orthoptera	Acridoidea			1			
JHW	W	Insecta	Coleoptera	Staphylinidae			2		15mm rove beetles, black body red legs	
JHW	W	Insecta	Coleoptera	Carabidae	Carabus	problematicus	1			
JHW	W	Insecta	Coleoptera	Carabidae	Carabus	nemoralis	1			
JHW	W	Insecta	Coleoptera	Carabidae	Pterostichus	madidus	5			
JHW	W	Insecta	Coleoptera	Carabidae	Harpalus	affinis	1			
JHW	W	Insecta	Coleoptera	Carabidae	Amara	convexior	7			
JHW	W	Insecta	Coleoptera	Carabidae	Amara	lunicollis	4			
JHW	W	Insecta	Coleoptera	Carabidae	Amara	communis	1			
JHW	W	Insecta	Coleoptera	Staphylinidae			10		4mm rove beetle, black head, pale orange thorax, dark orange/brown abdomen, possibly Drusilla caniculata	
JHW	W	Insecta	Hymenoptera	Formicidae			125			
JHW	W	Chelicerata	Opiliones				4			
JHW	W	Collembola	Entemobryomorpha				24			
JHW	W	Chelicerata	Araneae	Small spiders			9		Tiny spiders	
JHW	W	Malacostraca	Isopoda	Armadillidiidae	Armadilidium	vulgare	3			
JHW	W	Malacostraca	Isopoda	Philosciidae	Philoscia	muscorum	2			
JHW	W	Insecta	Coleoptera	Other beetles			1		5mm finely hairy, small head	
JHW	W	Insecta	Coleoptera	Beetle larvae			4	Y		
JHW	W	Insecta	Hymenoptera	Parasitic wasp			3		parasitic wasps	
JHW	W	Insecta	Diptera	Calyptratae			1			
JHW	W	Insecta	Hemiptera	Auchenorrhyncha			2			
JHW	W	Insecta	Hemiptera	Pentatomoidea			1			
JHW	W	Insecta	Hemiptera	Nabidae			1		Damsel bug	
JPS	S	Gastropoda	Stylommatophora	Slugs			1			
JPS	S	Chelicerata	Araneae	Lycosidae			2			
JPS	S	Chelicerata	Araneae	Small spiders			35			
JPS	S	Insecta	Hymenoptera	Formicidae			19			
JPS	S	Chelicerata	Opiliones				1			
JPS	S	Collembola	Entemobryomorpha				1			
JPS	S	Chilopoda	Lithobiomorpha	Henicopidae	Lamcytes	emarginatus	1			
JPS	S	Chilopoda	Lithobiomorpha	Lithobiiade	Lithobius		2			
JPS	S	Malacostraca	Isopoda	Philosciidae	Philoscia	muscorum	1			
JPS	S	Insecta	Coleoptera	Other beetles			10		Assorted small beetles <4mm	
JPS	S	Insecta	Coleoptera	Beetle larvae			2	Y	Beetle larvae <5mm	
JPS	S	Insecta	Hymenoptera	Parasitic wasp			5		Tiny parasitic wasps	
JPS	S	Insecta	Diptera	Calyptratae			2		Small flies	
JPS	S	Insecta	Diptera	Lower flies			3		Small mosquitoes	
JPS	S	Insecta	Hemiptera	Auchenorrhyncha			1			
JPS	S	Insecta	Coleoptera	Carabidae	Amara	communis	1			
JPS	S	Insecta	Coleoptera	Carabidae	Pterostichus	melanarius	2			
JPS	S	Insecta	Coleoptera	Carabidae	Harpalus	rufipes	3			
JPS	C	Chelicerata	Araneae	Lycosidae			3			
JPS	C	Insecta	Hymenoptera	Formicidae			35			
JPS	C	Chelicerata	Araneae	Lycosidae			16			
JPS	C	Insecta	Coleoptera	Staphylinidae			1		12mm black rove beetle	
JPS	C	Insecta	Diptera	Calyptratae			2			
JPS	C	Insecta	Lepidoptera				2		Macromoths	
JPS	C	Insecta	Diptera	Calyptratae			3			
JPS	C	Insecta	Hymenoptera	Parasitic wasp			4		Tiny parasitic wasps	
JPS	C	Insecta	Diptera				1			
JPS	C	Insecta	Hemiptera	Pentatomoidea			1			
JPS	C	Insecta	Coleoptera	Other beetles			16		Assorted small beetles	
JPS	N	Insecta	Hymenoptera	Formicidae			15			
JPS	N	Chelicerata	Araneae	Small spiders			11		Small spiders	
JPS	N	Chilopoda	Lithobiomorpha	Lithobiiade	Lithobius		1			
JPS	N	Chelicerata	Araneae	Lycosidae			1			
JPS	N	Insecta	Coleoptera	Carabidae	Harpalus	rufipes	1			
JPS	N	Insecta	Diptera	Calyptratae			3			
JPS	N	Insecta	Diptera	Lower flies			3			
JPS	N	Insecta	Hemiptera	Berytidae			1		Stiltbug 5mm long	
JPS	N	Insecta	Coleoptera	Other beetles			3		Assorted small beetels	
JPS	W	Insecta	Hymenoptera	Formicidae			41		1 wingless queen, 1 winged queen	
JPS	W	Insecta	Coleoptera	Staphylinidae			2		8mm black rove beetle	
JPS	W	Chelicerata	Araneae	Small spiders			13		Small spiders	
JPS	W	Chelicerata	Araneae	Lycosidae			3			
JPS	W	Chilopoda	Lithobiomorpha	Lithobiiade	Lithobius		1			
JPS	W	Chilopoda	Lithobiomorpha	Henicopidae	Lamcytes	emarginatus	1			
JPS	W	Insecta	Hymenoptera	Anthophila						
JPS	W	Insecta	Coleoptera	Staphylinidae			1		4mm red/black rove beetle	
JPS	W	Insecta	Coleoptera	Carabidae	Poecilus	cupreus	1			
JPS	W	Insecta	Coleoptera	Carabidae	Harpalus	rufipes	1			
JPS	W	Collembola	Entemobryomorpha				5			
JPS	W	Insecta	Hymenoptera	Parasitic wasp			9		Tiny parasitic wasps	
JPS	W	Insecta	Diptera							
JPS	W	Insecta	Coleoptera	Other beetles			6		Assorted tiny beetles	
JPS	W	Insecta	Coleoptera	Beetle larvae			1	Y	Tiny beetle larvae	
JPS	W	Insecta	Diptera	Calyptratae			5			
JPS	W	Insecta	Diptera	Lower flies			1			
JPS	W	Insecta	Hemiptera	Auchenorrhyncha			1			
JPS	W	Insecta	Hemiptera				4		Assorted small bugs	
JPS	E	 Insecta	Hymenoptera	Formicidae			25			
JPS	E	Chelicerata	Araneae	Small spiders			8		Tiny spiders	
JPS	E	Insecta	Diptera	Calyptratae			2			
JPS	E	Clitellata	Opisthothora				1			
JPS	E	Chilopoda	Lithobiomorpha	Henicopidae	Lamcytes	emarginatus	1			
JPS	E	Insecta	Coleoptera	Carabidae	Harpalus	rufipes	3			
JPS	E	Insecta	Coleoptera	Carabidae	Pterostichus	melanarius	1			
JPS	E	Insecta	Diptera	Calyptratae			2			
JPS	E	Insecta	Hymenoptera	Parasitic wasp			1			
JPS	E	Insecta	Hemiptera	Aphididae			1			
JPS	E	Chelicerata	Araneae	Small spiders			2		Tiny spiders	
JPS	E	Insecta	Coleoptera	Other beetles			4		Small beetles	
JPS	E	Collembola	Entemobryomorpha				1			
JPN	W	Chelicerata	Araneae	Lycosidae			5			
JPN	W	Chelicerata	Araneae	Small spiders			13			
JPN	W	Insecta	Hymenoptera	Formicidae			6			
JPN	W	Collembola	Entemobryomorpha				1			
JPN	W	Insecta	Lepidoptera				1		Macromoth	
JPN	W	Chelicerata	Opiliones				1			
JPN	W	Insecta	Coleoptera	Carabidae	Calathus	melanocephalus	2			
JPN	W	Insecta	Coleoptera	Carabidae	Harpalus	rufipes	2			
JPN	W	Insecta	Coleoptera	Carabidae	Nebria	brevicollis	1			
JPN	W	Insecta	Coleoptera	Carabidae	Amara	convexior	1			
JPN	W	Insecta	Coleoptera	Other beetles			1		Assorted tiny beetles	
JPN	W	Insecta	Hemiptera	Aphididae			1		Winged aphid	
JPN	W	Insecta	Hemiptera	Tingidae			1		Lace bug	
JPN	W	Insecta	Hemiptera	Heteroptera			1		Heteroptera, family unknown	
JPN	W	Insecta	Diptera	Calyptratae			1			
JPN	W	Insecta	Diptera	Lower flies			5			
JPN	W	Insecta	Hymenoptera	Parasitic wasp			4		parasitic wasps	
JPN	W	Insecta	Coleoptera	Other beetles			8		Tiny beetles	
JPN	E	Insecta	Hymenoptera	Formicidae			24			
JPN	E	Chelicerata	Araneae	Small spiders			30		Tiny spiders	
JPN	E	Chelicerata	Araneae	Lycosidae			3			
JPN	E	Insecta	Coleoptera	Staphylinidae			1		10mm black rove beetle	
JPN	E	Malacostraca	Isopoda	Porcellionidae	Porcellio	scaber	5			
JPN	E	Malacostraca	Isopoda	Armadillidiidae	Armadilidium	vulgare	6			
JPN	E	Malacostraca	Isopoda	Philosciidae	Philoscia	muscorum	2			
JPN	E	Insecta	Coleoptera	Carabidae	Pterostichus	madidus	1			
JPN	E	Chelicerata	Opiliones				1			
JPN	E	Collembola	Entemobryomorpha				15			
JPN	E	Insecta	Diptera	Calyptratae			3			
JPN	E	Insecta	Hymenoptera	para wasp			4			
JPN	E	Insecta	Hemiptera	Tingidae			2			
JPN	E	Insecta	Hemiptera	Aphididae			4			
JPN	E	Insecta	Coleoptera	Other beetles			18		Assorted tiny beetles	
JPN	E	Insecta	Coleoptera	Staphylinidae			5		Assorted small rove beetles	
JPN	E	Insecta	Coleoptera	Beetle larvae			2		Small grubs	
JPN	C	Insecta	Hymenoptera	Formicidae			41			
JPN	C	Collembola	Entemobryomorpha				9			
JPN	C	Chelicerata	Araneae	Small spiders			4			
JPN	C	Chelicerata	Araneae	Lycosidae			1			
JPN	C	Insecta	Hemiptera	Tingidae			2			
JPN	C	Insecta	Coleoptera	Beetle larvae			1	Y	Large grub 20mm	
JPN	C	Insecta	Coleoptera	Carabidae	Harpalus	rufipes	3			
JPN	C	Chelicerata	Acariformes				3			
JPN	C	Collembola	Entemobryomorpha				2			
JPN	C	Collembola	Symphypleona				1			
JPN	C	Collembola	Poduromorpha				1			
JPN	C	Chelicerata	Araneae	Small spiders			1		Tiny spiders	
JPN	C	Insecta	Hymenoptera	Parasitic wasp			11			
JPN	C	Insecta	Coleoptera	Staphylinidae			2		Small black roves	
JPN	C	Insecta	Coleoptera	Other beetles			3		Tiny beetles	
JPN	S	Insecta	Hymenoptera	Formicidae			48			
JPN	S	Chelicerata	Araneae	Small spiders			45		Tiny spiders	
JPN	S	Chelicerata	Araneae	Lycosidae			2			
JPN	S	Insecta	Coleoptera	Byrrhidae	Byrrhus	pilula	1		8mm long, round, shiny black, head hidden from dorsal view	
JPN	S	Insecta	Coleoptera	Staphylinidae			5		Assorted roves, 5-9mm	
JPN	S	Insecta	Coleoptera	Carabidae	Pterostichus	madidus	1			
JPN	S	Insecta	Hymenoptera	Parasitic wasp			1			
JPN	S	Collembola	Entemobryomorpha				4			
JPN	S	Collembola	Poduromorpha				1			
JPN	S	Insecta	Hemiptera	Tingidae			1			
JPN	S	Insecta	Coleoptera	Staphylinidae			2		Tiny roves	
JPN	S	Insecta	Coleoptera	Other beetles			19		Assorted tiny beetles	
JPN	S	Insecta	Hymenoptera	Parasitic wasp			7			
JPN	S	Insecta	Diptera	Calyptratae			6			
JPN	N	Insecta	Coleoptera	Carabidae	Pterostichus	madidus	1			
JPN	N	Insecta	Coleoptera	Carabidae	Harpalus	rufipes	2			
JPN	N	Insecta	Coleoptera	Other beetles			1		Small beetles	
JPN	N	Insecta	Hymenoptera	Formicidae			2			
JPN	N	Malacostraca	Isopoda	Armadillidiidae	Armadilidium	vulgare	2			
JP1	W	Insecta	Hymenoptera	Formicidae			39			
JP1	W	Collembola	Entemobryomorpha				6			
JP1	W	Chelicerata	Araneae	Small spiders			4		Tiny spiders	
JP1	W	Chelicerata	Araneae	Lycosidae			5			
JP1	W	Diplopoda	Other milipedes				2		Tubular millipedes	
JP1	W	Chelicerata	Opiliones				3			
JP1	W	Insecta	Hemiptera	Aphididae			5		Long legged aphids	
JP1	W	Malacostraca	Isopoda	Porcellionidae	Porcellio	scaber	2			
JP1	W	Insecta	Coleoptera	Carabidae	Harpalus	rufipes	1			
JP1	W	Insecta	Coleoptera	Carabidae	Pterostichus	melanarius	1			
JP1	W	Insecta	Coleoptera	Carabidae	Poecilus	cupreus	1			
JP1	W	Insecta	Coleoptera	Carabidae	Stomis	pumicatus	1			
JP1	W	Insecta	Coleoptera	Carabidae	Amara	communis	2			
JP1	W	Insecta	Coleoptera	Carabidae	Amara	lunicollis	1			
JP1	W	Chelicerata	Acariformes				9			
JP1	W	Insecta	Hymenoptera	Parasitic wasp			3			
JP1	W	Insecta	Hemiptera	Nabidae			1			
JP1	W	Insecta	Coleoptera	Staphylinidae			4		small rove beetles	
JP1	W	Insecta	Diptera	Calyptratae			2			
JP1	W	Insecta	Hemiptera	Miridae			1		Plant bug	
JP1	W	Insecta	Hemiptera	Auchenorrhyncha			2			
JP1	W	Insecta	Hemiptera	Aphididae			1			
JP1	W	Insecta	Hemiptera				2			
JP1	E	Insecta	Hymenoptera	Formicidae			323		2 wingless queens	
JP1	E	Chelicerata	Araneae	Lycosidae			8			
JP1	E	Chelicerata	Araneae	Small spiders			11		Tiny spiders	
JP1	E	Chelicerata	Opiliones				7			
JP1	E	Chelicerata	Acariformes				15			
JP1	E	Gastropoda	Stylommatophora	Slugs			2			
JP1	E	Malacostraca	Isopoda	Porcellionidae	Porcellio	scaber	3			
JP1	E	Diplopoda	Polydesmida	Polydesmidae	Polydesmus		2		Flat backed millipedes	
JP1	E	Insecta	Hymenoptera	Anthophila			1			
JP1	E	Insecta	Diptera	Calyptratae			1			
JP1	E	Insecta	Coleoptera	Staphylinidae			1		10mm black rove	
JP1	E	Insecta	Coleoptera	Staphylinidae			4		Tiny roves about 5mm	
JP1	E	Collembola	Entemobryomorpha				4			
JP1	E	Insecta	Hemiptera	Tingidae			1			
JP1	E	Insecta	Hemiptera	Aphididae			2			
JP1	E	Insecta	Hemiptera	Auchenorrhyncha			2			
JP1	E	Insecta	Diptera	Calyptratae			2			
JP1	E	Insecta	Diptera	Lower flies			1			
JP1	E	Insecta	Coleoptera	Other beetles			13		Assorted tiny beetles	
JP1	E	Insecta	Hymenoptera	Parasitic wasp			6			
JP1	E	Insecta	Coleoptera	Carabidae	Amara	communis	8			
JP1	E	Insecta	Coleoptera	Beetle larvae			1	Y	Tiny grub	
JP1	S	Insecta	Coleoptera	Lucanidae	Dorcus	parallelipipedus	1			
JP1	S	Insecta	Coleoptera	Carabidae	Amara	communis	6			
JP1	S	Chelicerata	Araneae	Lycosidae			3			
JP1	S	Chelicerata	Araneae	Small spiders			3			
JP1	S	Chelicerata	Acariformes				6			
JP1	S	Insecta	Hymenoptera	Formicidae			31			
JP1	S	Insecta	Hymenoptera	Parasitic wasp			1			
JP1	S	Collembola	Symphypleona				1			
JP1	S	Collembola	Entemobryomorpha				11			
JP1	S	Insecta	Hemiptera	Aphididae			3			
JP1	S	Insecta	Hemiptera	Auchenorrhyncha			1			
JP1	S	Insecta	Coleoptera	Staphylinidae			2		Small roves	
JP1	S	Insecta	Coleoptera	Other beetles			1		Small beetles	
JP1	N	Insecta	Hymenoptera	Formicidae			98		one drone	
JP1	N	Chelicerata	Araneae	Lycosidae			6			
JP1	N	Chelicerata	Araneae	Small spiders			4		Tiny spiders	
JP1	N	Chelicerata	Acariformes				11			
JP1	N	Chelicerata	Opiliones				4			
JP1	N	Collembola	Entemobryomorpha				2			
JP1	N	Diplopoda	Polydesmida	Polydesmidae	Polydesmus		1			
JP1	N	Insecta	Hymenoptera	Parasitic wasp			1			
JP1	N	Insecta	Diptera	Calyptratae			3			
JP1	N	Insecta	Diptera	Lower flies			2			
JP1	N	Insecta	Hemiptera	Miridae			2			
JP1	N	Insecta	Hemiptera	Auchenorrhyncha			2			
JP1	N	Insecta	Coleoptera	Other beetles			9		small beetles	
JP1	N	Insecta	Coleoptera	Carabidae	Harpalus	rufipes	1			
JP1	N	Insecta	Coleoptera	Carabidae	Amara	communis	5			
JP1	C	Chelicerata	Araneae	Lycosidae			4			
JP1	C	Chelicerata	Araneae	Small spiders			5		Small spiders	
JP1	C	Chelicerata	Opiliones				2			
JP1	C	Diplopoda	Polydesmida	Polydesmidae	Polydesmus		1			
JP1	C	Insecta	Hymenoptera	Formicidae			23			
JP1	C	Chelicerata	Acariformes				9			
JP1	C	Insecta	Hemiptera	Aphididae			5			
JP1	C	Insecta	Hemiptera	Tingidae			1			
JP1	C	Insecta	Diptera	Calyptratae			3			
JP1	C	Insecta	Hemiptera	Auchenorrhyncha			1			
JP1	C	Insecta	Hymenoptera	Parasitic wasp			2			
JP1	C	Collembola	Entemobryomorpha				1			
JP1	C	Collembola	Symphypleona				1			
JP1	C	Insecta	Hemiptera	Miridae			1			
JP1	C	Insecta	Diptera	Calyptratae			1			
JP1	C	Insecta	Coleoptera	Other beetles			2		small beetles	
JP1	C	Insecta	Coleoptera	Carabidae	Pterostichus	melanarius	1			
JP1	C	Insecta	Coleoptera	Carabidae	Poecilus	cupreus	1			
JP2	N	Chelicerata	Araneae	Lycosidae			7			
JP2	N	Chelicerata	Araneae	Small spiders			9		Small spiders	
JP2	N	Chelicerata	Opiliones				1			
JP2	N	Malacostraca	Isopoda	Porcellionidae	Porcellio	scaber	3			
JP2	N	Collembola	Entemobryomorpha				2			
JP2	N	Gastropoda	Stylommatophora	Slugs			2			
JP2	N	Insecta	Hymenoptera	Formicidae			21			
JP2	N	Insecta	Hymenoptera	Parasitic wasp			2			
JP2	N	Insecta	Hemiptera	Aphididae			5			
JP2	N	Insecta	Coleoptera	Staphylinidae			3		8mm black roves	
JP2	N	Insecta	Coleoptera	Other beetles			2		Small beetles	
JP2	N	Insecta	Diptera	Calyptratae			1			
JP2	N	Insecta	Diptera	Lower flies			2			
JP2	N	Diplopoda	Other milipedes				1			
JP2	S	Chelicerata	Araneae	Small spiders			5			
JP2	S	Chelicerata	Araneae	Lycosidae			4			
JP2	S	Chelicerata	Acariformes				3			
JP2	S	Chelicerata	Opiliones				3			
JP2	S	Gastropoda	Stylommatophora	Slugs			1			
JP2	S	Insecta	Hymenoptera	Formicidae			5			
JP2	S	Insecta	Hymenoptera	Parasitic wasp			1			
JP2	S	Insecta	Hemiptera	Aphididae			7			
JP2	S	Insecta	Hemiptera	Auchenorrhyncha			1			
JP2	S	Insecta	Coleoptera	Staphylinidae			2		Small roves 4mm	
JP2	S	Insecta	Coleoptera	Other beetles			2			
JP2	S	Collembola	Entemobryomorpha				1			
JP2	S	Insecta	Diptera	Lower flies			1			
JP2	S	Insecta	Diptera	Calyptratae			1			
JP2	S	Insecta	Siphonaptera				1			
JP2	W	Gastropoda	Stylommatophora	Slugs			3			
JP2	W	Chelicerata	Araneae	Lycosidae			3			
JP2	W	Chelicerata	Acariformes				5			
JP2	W	Chelicerata	Opiliones				3			
JP2	W	Insecta	Diptera	Calyptratae			8			
JP2	W	Insecta	Diptera	Lower flies			1			
JP2	W	Insecta	Hymenoptera	Formicidae			10			
JP2	W	Insecta	Hymenoptera	Parasitic wasp			3			
JP2	W	Insecta	Hemiptera	Aphididae			3			
JP2	W	Insecta	Hemiptera	Auchenorrhyncha			1			
JP2	W	Insecta	Hemiptera	Miridae			1			
JP2	W	Insecta	Coleoptera	Other beetles			5		Small beetles	
JP2	W	Insecta	Coleoptera	Carabidae	Amara	communis	3			
JP2	W	Collembola	Entemobryomorpha				4			
JP2	E	Gastropoda	Stylommatophora	Slugs			7			
JP2	E	Chelicerata	Araneae	Lycosidae			2			
JP2	E	Chelicerata	Araneae	Small spiders			11		Small spiders	
JP2	E	Chelicerata	Opiliones				2			
JP2	E	Chelicerata	Acariformes				4			
JP2	E	Collembola	Symphypleona				1			
JP2	E	Collembola	Entemobryomorpha				1			
JP2	E	Insecta	Hymenoptera	Formicidae			8			
JP2	E	Insecta	Hymenoptera	Parasitic wasp			1			
JP2	E	Insecta	Diptera	Calyptratae			1			
JP2	E	Insecta	Hemiptera	Aphididae			5			
JP2	E	Insecta	Hemiptera	Auchenorrhyncha			2			
JP2	E	Insecta	Hemiptera	Berytidae			1			
JP2	E	Insecta	Coleoptera	Cantharidae			1			
JP2	E	Insecta	Coleoptera	Other beetles			3		Small beetles	
JP2	E	Insecta	Coleoptera	Beetle larvae			1	Y	Rounded, fat abdomen, possilbly Chrysomelidae larva	
JP2	C	Gastropoda	Stylommatophora	Slugs			1			
JP2	C	Chelicerata	Araneae	Lycosidae			3			
JP2	C	Chelicerata	Araneae	Small spiders			7		Small spiders	
JP2	C	Chelicerata	Acariformes				6			
JP2	C	Chelicerata	Opiliones				4			
JP2	C	Diplopoda	Polydesmida	Polydesmidae	Polydesmus		1			
JP2	C	Malacostraca	Isopoda	Porcellionidae	Porcellio	scaber	1			
JP2	C	Collembola	Entemobryomorpha				5			
JP2	C	Collembola	Symphypleona				1			
JP2	C	Insecta	Hymenoptera	Formicidae			46			
JP2	C	Insecta	Hymenoptera	Parasitic wasp			4			
JP2	C	Insecta	Hemiptera	Aphididae			11			
JP2	C	Insecta	Hemiptera	Auchenorrhyncha			1			
JP2	C	Insecta	Diptera	Calyptratae			10			
JP2	C	Insecta	Coleoptera	Staphylinidae			3		Small roves 5mm	
JP2	C	Insecta	Coleoptera	Other beetles			9		Small beetles	
JP2	C	Insecta	Coleoptera	Carabidae	Pterostichus	melanarius	1			
JP2	C	Insecta	Coleoptera	Carabidae	Poecilus	cupreus	1			
JP2	C	Insecta	Coleoptera	Carabidae	Amara	communis	2			
JPW	N	Chelicerata	Araneae	Lycosidae			4			
JPW	N	Chelicerata	Araneae	Small spiders			18		Small spiders	
JPW	N	Chilopoda	Lithobiomorpha	Henicopidae	Lamcytes	emarginatus	1			
JPW	N	Collembola	Entemobryomorpha				1			
JPW	N	Insecta	Hymenoptera	Formicidae			44		2 wingless queens, 1 drone	
JPW	N	Insecta	Hymenoptera	Anthophila			1			
JPW	N	Insecta	Hymenoptera	Parasitic wasp			1			
JPW	N	Insecta	Coleoptera	Other beetles			15		Small beetles	
JPW	N	Insecta	Coleoptera	Staphylinidae			3		Small roves under 5mm	
JPW	N	Insecta	Coleoptera	Staphylinidae			2		Rove beetles 5-10mm	
JPW	N	Insecta	Coleoptera	Carabidae	Harpalus	rufipes	1			
JPW	N	Insecta	Hemiptera	Tingidae			1			
JPW	N	Insecta	Hemiptera	Auchenorrhyncha			1			
JPW	N	Insecta	Hemiptera	Aphididae			6			
JPW	N	Insecta	Hemiptera	Berytidae			1			
JPW	N	Insecta	Hemiptera	Rhopalidae			1			
JPW	N	Insecta	Diptera	Calyptratae			6			
JPW	S	Chelicerata	Araneae	Small spiders			32		Small spiders	
JPW	S	Chelicerata	Acariformes				1			
JPW	S	Collembola	Entemobryomorpha				6			
JPW	S	Insecta	Hymenoptera	Formicidae			32			
JPW	S	Insecta	Hymenoptera	Parasitic wasp			9			
JPW	S	Insecta	Coleoptera	Staphylinidae			6		Roves >5mm	
JPW	S	Insecta	Coleoptera	Staphylinidae			5		Roves <5mm	
JPW	S	Insecta	Coleoptera	Carabidae	Harpalus	rufipes	1			
JPW	S	Insecta	Coleoptera	Carabidae	Calathus	melanocephalus	1			
JPW	S	Insecta	Coleoptera	Other beetles			21		Small beetles	
JPW	S	Insecta	Lepidoptera				1			
JPW	S	Insecta	Hemiptera	Aphididae			1			
JPW	S	Insecta	Hemiptera	Tingidae			1			
JPW	S	Insecta	Hemiptera	Auchenorrhyncha			1			
JPW	S	Insecta	Diptera	Calyptratae			3			
JPW	S	Insecta	Diptera	Lower flies			3			
JPW	W	Gastropoda	Stylommatophora	Slugs			3			
JPW	W	Chelicerata	Araneae	Lycosidae			3			
JPW	W	Chelicerata	Araneae	Small spiders			35			
JPW	W	Chelicerata	Opiliones				2			
JPW	W	Chilopoda	Lithobiomorpha	Lithobiiade	Lithobius		1			
JPW	W	Collembola	Entemobryomorpha				9			
JPW	W	Insecta	Hymenoptera	Formicidae			35		Three drones	
JPW	W	Insecta	Hymenoptera	Parasitic wasp			1			
JPW	W	Insecta	Coleoptera	Staphylinidae			2		Larger roves	
JPW	W	Insecta	Coleoptera	Staphylinidae			5		Smaller roves	
JPW	W	Insecta	Coleoptera	Carabidae	Notiophilus	biguttatus	2			
JPW	W	Insecta	Coleoptera	Carabidae	Calathus	melanocephalus	1			
JPW	W	Insecta	Coleoptera	Carabidae	Ophonus	rufibarbis	2			
JPW	W	Insecta	Coleoptera	Carabidae	Pterostichus	madidus	1			
JPW	W	Insecta	Coleoptera	Other beetles			12			
JPW	W	Insecta	Diptera	Calyptratae			5			
JPW	W	Insecta	Diptera	Lower flies			1			
JPW	W	Insecta	Hemiptera	Aphididae			2			
JPW	W	Insecta	Hemiptera	Auchenorrhyncha			1			
JPW	E	Insecta	Coleoptera	Staphylinidae			15		Black roves >5mm	
JPW	E	Insecta	Coleoptera	Staphylinidae			4		Small roves	
JPW	E	Insecta	Coleoptera	Carabidae	Nebria	brevicollis	1			
JPW	E	Insecta	Coleoptera	Carabidae	Asaphidion	stierlini	5			
JPW	E	Insecta	Coleoptera	Other beetles			17		Small beetles	
JPW	E	Insecta	Hymenoptera	Formicidae			149			
JPW	E	Insecta	Hymenoptera	Parasitic wasp			14			
JPW	E	Insecta	Hymenoptera	Anthophila			1			
JPW	E	Insecta	Diptera	Calyptratae			6			
JPW	E	Insecta	Diptera	Lower flies			5			
JPW	E	Insecta	Hemiptera	Tingidae			1			
JPW	E	Insecta	Hemiptera	Auchenorrhyncha			1			
JPW	E	Insecta	Hemiptera	Heteroptera			1			
JPW	E	Insecta	Hemiptera	Aphididae			1			
JPW	E	Chelicerata	Araneae	Lycosidae			1			
JPW	E	Chelicerata	Araneae	Small spiders			33			
JPW	E	Chelicerata	Acariformes				1			
JPW	E	Chilopoda	Lithobiomorpha	Henicopidae	Lamcytes	emarginatus	1			
JPW	E	Collembola	Entemobryomorpha				17			
JPW	C	Clitellata	Opisthothora				1			
JPW	C	Collembola	Entemobryomorpha				4			
JPW	C	Chilopoda	Lithobiomorpha	Henicopidae	Lamcytes	emarginatus	1			
JPW	C	Chelicerata	Araneae	Lycosidae			2			
JPW	C	Chelicerata	Araneae	Small spiders			14			
JPW	C	Insecta	Hymenoptera	Formicidae			68			
JPW	C	Insecta	Hymenoptera	Parasitic wasp			7			
JPW	C	Insecta	Diptera	Calyptratae			8			
JPW	C	Insecta	Hemiptera	Aphididae			1			
JPW	C	Insecta	Hemiptera	Auchenorrhyncha			1			
JPW	C	Insecta	Coleoptera	Other beetles			7			
JPW	C	Insecta	Coleoptera	Carabidae	Carabus	problematicus	1			
JPW	C	Insecta	Coleoptera	Carabidae	Harpalus	rufipes	2			
JPW	C	Insecta	Coleoptera	Carabidae	Calathus	melanocephalus	2			
JPW	C	Insecta	Coleoptera	Staphylinidae			3		Roves >5mm	
JPE	N	Chelicerata	Araneae	Lycosidae			1			
JPE	N	Chelicerata	Araneae	Small spiders			43			
JPE	N	Chelicerata	Acariformes				1			
JPE	N	Insecta	Diptera	Syrphidae			1	Y	Rat tailed maggot, hoverfly larvae	
JPE	N	Insecta	Diptera	Calyptratae			3			
JPE	N	Insecta	Hymenoptera	Formicidae			74			
JPE	N	Insecta	Hymenoptera	Parasitic wasp			7			
JPE	N	Insecta	Hemiptera	Tingidae			1			
JPE	N	Insecta	Hemiptera	Aphididae			1			
JPE	N	Insecta	Coleoptera	Staphylinidae			2		Roves >5mm	
JPE	N	Insecta	Coleoptera	Carabidae	Pterostichus	madidus	1			
JPE	N	Insecta	Coleoptera	Carabidae	Harpalus	rufipes	2			
JPE	N	Insecta	Coleoptera	Other beetles			3			
JPE	N	Insecta	Coleoptera	Beetle larvae			1	Y	Small, legged beetle larva	
JPE	N	Collembola	Entemobryomorpha				12			
JPE	S	Chelicerata	Araneae	Lycosidae			4			
JPE	S	Chelicerata	Araneae	Small spiders			32			
JPE	S	Chelicerata	Opiliones				1			
JPE	S	Chelicerata	Acariformes				3			
JPE	S	Malacostraca	Isopoda	Porcellionidae	Porcellio	scaber	19			
JPE	S	Malacostraca	Isopoda	Armadillidiidae	Armadilidium	vulgare	6			
JPE	S	Collembola	Entemobryomorpha				3			
JPE	S	Diplopoda	Other milipedes				1			
JPE	S	Insecta	Lepidoptera				1			
JPE	S	Insecta	Dermaptera				2			
JPE	S	Insecta	Hymenoptera	Formicidae			28		1 wingless queen, 1 drone	
JPE	S	Insecta	Hymenoptera	Parasitic wasp			14			
JPE	S	Insecta	Diptera	Calyptratae			4			
JPE	S	Insecta	Diptera	Lower flies			1			
JPE	S	Insecta	Diptera	Syrphidae			14	Y	Rat-tailed maggots	
JPE	S	Insecta	Coleoptera	Small beetles			14			
JPE	S	Insecta	Coleoptera	Coccinellidae	Coccinella	septempunctata	1			
JPE	S	Insecta	Coleoptera	Carabidae	Pterostichus	madidus	9			
JPE	S	Insecta	Coleoptera	Elateridae			1		8mm brown click beetle	
JPE	S	Insecta	Coleoptera	Staphylinidae			1		>5mm rove	
JPE	S	Insecta	Coleoptera	Staphylinidae			1		Small rove	
JPE	S	Insecta	Coleoptera	Beetle larvae			1	Y	3mm beetle larva	
JPE	S	Insecta	Hemiptera	Aphididae			1			
JPE	E	Chelicerata	Araneae	Lycosidae			2			
JPE	E	Chelicerata	Araneae	Small spiders			22			
JPE	E	Chelicerata	Opiliones				2			
JPE	E	Chilopoda	Lithobiomorpha	Lithobiiade	Lithobius		1			
JPE	E	Malacostraca	Isopoda	Porcellionidae	Porcellio	scaber	28			
JPE	E	Malacostraca	Isopoda	Armadillidiidae	Armadilidium	vulgare	2			
JPE	E	Collembola	Entemobryomorpha				6			
JPE	E	Insecta	Hymenoptera	Formicidae			26			
JPE	E	Insecta	Hymenoptera	Parasitic wasp			14			
JPE	E	Insecta	Diptera	Syrphidae			8	Y		
JPE	E	Insecta	Diptera	Calyptratae			10			
JPE	E	Insecta	Diptera	Lower flies			1			
JPE	E	Insecta	Lepidoptera				1			
JPE	E	Insecta	Coleoptera	Staphylinidae			2		Large 20mm roves	
JPE	E	Insecta	Coleoptera	Carabidae	Pterostichus	madidus	2			
JPE	E	Insecta	Coleoptera	Carabidae	Nebria	brevicollis	1			
JPE	E	Insecta	Coleoptera	Carabidae	Harpalus	affinis	2			
JPE	E	Insecta	Coleoptera	Staphylinidae			7		Small roves	
JPE	E	Insecta	Coleoptera	Other beetles			9			
JPE	E	Insecta	Hemiptera	Aphididae			2			
JPE	E	Insecta	Hemiptera	Heteroptera			1		Bug nymph, rounded abdomen, long orange head, long proboscis	
JPE	W	Clitellata	Opisthothora				1			
JPE	W	Chelicerata	Araneae	Lycosidae			3			
JPE	W	Chelicerata	Araneae	Small spiders			31			
JPE	W	Collembola	Entemobryomorpha				2			
JPE	W	Malacostraca	Isopoda	Porcellionidae	Porcellio	scaber	2			
JPE	W	Malacostraca	Isopoda	Armadillidiidae	Armadilidium	vulgare	1			
JPE	W	Insecta	Hymenoptera	Formicidae			19		2 wingless queens	
JPE	W	Insecta	Hymenoptera	Parasitic wasp			7			
JPE	W	Insecta	Diptera	Syrphidae			2			
JPE	W	Insecta	Diptera	Calyptratae			3			
JPE	W	Insecta	Coleoptera	Carabidae	Pterostichus	madidus	1			
JPE	W	Insecta	Coleoptera	Other beetles			1			
JPE	W	Insecta	Coleoptera	Staphylinidae			1		Small roves	
JPE	W	Insecta	Hemiptera	Tingidae			1			
JPE	W	Insecta	Hemiptera	Aphididae			1			
JPE	C	Chelicerata	Araneae	Lycosidae			1			
JPE	C	Chelicerata	Araneae	Small spiders			27			
JPE	C	Collembola	Entemobryomorpha				4			
JPE	C	Insecta	Hymenoptera	Formicidae			23		2 drones	
JPE	C	Insecta	Hymenoptera	Parasitic wasp			5			
JPE	C	Insecta	Diptera	Syrphidae			3			
JPE	C	Insecta	Diptera	Calyptratae			9			
JPE	C	Insecta	Hemiptera	Aphididae			2			
JPE	C	Insecta	Coleoptera	Other beetles			6			
JPE	C	Insecta	Coleoptera	Carabidae	Harpalus	rufipes	1			
JPE	C	Insecta	Coleoptera	Carabidae	Amara	aenea	1			
JPE	C	Insecta	Coleoptera	Staphylinidae			1		Small roves	
JHM	N	Chelicerata	Araneae	Lycosidae			21			
JHM	N	Chelicerata	Araneae	Small spiders			18			
JHM	N	Chelicerata	Acariformes				2			
JHM	N	Chelicerata	Opiliones				1			
JHM	N	Collembola	Entemobryomorpha				14			
JHM	N	Collembola	Symphypleona				1			
JHM	N	Chilopoda	Lithobiomorpha	Lithobiiade	Lithobius		1			
JHM	N	Malacostraca	Isopoda	Armadillidiidae	Armadilidium	vulgare	3			
JHM	N	Malacostraca	Isopoda	Porcellionidae	Porcellio	scaber	2			
JHM	N	Insecta	Coleoptera	Carabidae	Carabus	violaceus	2			
JHM	N	Insecta	Coleoptera	Carabidae	Harpalus	rufipes	2			
JHM	N	Insecta	Coleoptera	Carabidae	Pterostichus	madidus	2			
JHM	N	Insecta	Coleoptera	Carabidae	Amara	montivaga	5			
JHM	N	Insecta	Coleoptera	Carabidae	Amara	convexior	16			
JHM	N	Insecta	Coleoptera	Carabidae	Amara	lunicollis	5			
JHM	N	Insecta	Coleoptera	Coccinellidae	Propylea	quattuordecimpunctata	1			
JHM	N	Insecta	Hymenoptera	Formicidae			139			
JHM	N	Insecta	Hymenoptera	Parasitic wasp			2			
JHM	N	Insecta	Coleoptera	Staphylinidae			1		Small roves	
JHM	N	Insecta	Coleoptera	Staphylinidae			17		Red and black roves about 6mm	
JHM	N	Insecta	Coleoptera	Staphylinidae			1		Large roves 12mm	
JHM	N	Insecta	Coleoptera	Beetle larvae			6	Y	Small beetle larvae	
JHM	N	Insecta	Coleoptera	Other beetles			1			
JHM	N	Insecta	Hemiptera	Tingidae			1			
JHM	N	Insecta	Hemiptera	Auchenorrhyncha			5			
JHM	N	Insecta	Diptera	Calyptratae			3			
JHM	N	Insecta	Coleoptera	Other beetles			2		Other large beetles >10mm	
JHM	S	Chelicerata	Araneae	Lycosidae			21			
JHM	S	Chelicerata	Araneae	Thomisidae			1			
JHM	S	Chelicerata	Araneae	Small spiders			51			
JHM	S	Malacostraca	Isopoda	Philosciidae	Philoscia	muscorum	2			
JHM	S	Malacostraca	Isopoda	Armadillidiidae	Armadilidium	vulgare	3			
JHM	S	Collembola	Entemobryomorpha				5			
JHM	S	Insecta	Hymenoptera	Formicidae			144			
JHM	S	Insecta	Hymenoptera	Parasitic wasp			1			
JHM	S	Insecta	Hemiptera	Tingidae			3			
JHM	S	Insecta	Hemiptera	Auchenorrhyncha			6			
JHM	S	Insecta	Hemiptera	Aphididae			1			
JHM	S	Insecta	Hemiptera	Heteroptera			3		5mm long, robust flattened herbivorous bugs	
JHM	S	Insecta	Diptera	Calyptratae			4			
JHM	S	Insecta	Coleoptera	Staphylinidae			1		Small roves	
JHM	S	Insecta	Coleoptera	Carabidae	Carabus	violaceus	1			
JHM	S	Insecta	Coleoptera	Carabidae	Harpalus	affinis	1			
JHM	S	Insecta	Coleoptera	Carabidae	Pterostichus	madidus	4			
JHM	S	Insecta	Coleoptera	Carabidae	Ophonus	rufibarbis	1			
JHM	S	Insecta	Coleoptera	Carabidae	Amara	montivaga	2			
JHM	S	Insecta	Coleoptera	Carabidae	Amara	lunicollis	1			
JHM	S	Insecta	Coleoptera	Carabidae	Amara	convexior	13			
JHM	S	Insecta	Coleoptera	Other beetles			1		5mm long, hairy iridescent beetle	
JHM	E	Chelicerata	Araneae	Lycosidae			14			
JHM	E	Chelicerata	Araneae	Small spiders			28			
JHM	E	Chelicerata	Araneae	Salticidae			1			
JHM	E	Malacostraca	Isopoda	Porcellionidae	Porcellio	scaber	3			
JHM	E	Malacostraca	Isopoda	Armadillidiidae	Armadilidium	vulgare	5			
JHM	E	Gastropoda	Stylommatophora	Slugs			2			
JHM	E	Collembola	Entemobryomorpha				3			
JHM	E	Insecta	Hymenoptera	Formicidae			137			
JHM	E	Insecta	Hymenoptera	Parasitic wasp			2			
JHM	E	Insecta	Lepidoptera				1			
JHM	E	Insecta	Diptera	Calyptratae			12			
JHM	E	Insecta	Hemiptera	Auchenorrhyncha			4			
JHM	E	Insecta	Hemiptera	Aphididae			1			
JHM	E	Insecta	Hemiptera	Heteroptera			2			
JHM	E	Insecta	Coleoptera	Coccinellidae	Coccinella	septempunctata	1			
JHM	E	Insecta	Coleoptera	Staphylinidae			3		5mm red and blacks	
JHM	E	Insecta	Coleoptera	Carabidae	Pterostichus	madidus	6			
JHM	E	Insecta	Coleoptera	Carabidae	Pterostichus	melanarius	1			
JHM	E	Insecta	Coleoptera	Carabidae	Amara	montivaga	15			
JHM	E	Insecta	Coleoptera	Carabidae	Amara	convexior	12			
JHM	E	Insecta	Coleoptera	Other beetles			3			
JHM	E	Insecta	Coleoptera	Elateridae			1			
JHM	E	Insecta	Coleoptera	Other beetles			1			
JHM	W	Chelicerata	Araneae	Lycosidae			27			
JHM	W	Chelicerata	Araneae	Small spiders			19			
JHM	W	Malacostraca	Isopoda	Armadillidiidae	Armadilidium	vulgare	8			
JHM	W	Malacostraca	Isopoda	Porcellionidae	Porcellio	scaber	1			
JHM	W	Malacostraca	Isopoda	Philosciidae	Philoscia	muscorum	1			
JHM	W	Collembola	Entemobryomorpha				11			
JHM	W	Insecta	Hymenoptera	Parasitic wasp			5			
JHM	W	Insecta	Hymenoptera	Vespidae	Vespula	germanica	1			
JHM	W	Insecta	Hymenoptera	Formicidae			103			
JHM	W	Insecta	Diptera	Calyptratae			14			
JHM	W	Insecta	Hemiptera	Tingidae			1			
JHM	W	Insecta	Hemiptera	Auchenorrhyncha			8			
JHM	W	Insecta	Hemiptera	Heteroptera			2			
JHM	W	Insecta	Coleoptera	Staphylinidae			15		Small red and blacks	
JHM	W	Insecta	Coleoptera	Staphylinidae			2		Larger roves >10mm	
JHM	W	Insecta	Coleoptera	Other beetles			2			
JHM	W	Insecta	Coleoptera	Beetle larvae			2	Y	Small larvae	
JHM	W	Insecta	Coleoptera	Staphylinidae			1		Small roves	
JHM	W	Insecta	Coleoptera	Carabidae	Pterostichus	madidus	6			
JHM	W	Insecta	Coleoptera	Carabidae	Amara	convexior	5			
JHM	W	Insecta	Coleoptera	Carabidae	Amara	montivaga	2			
JHM	W	Insecta	Siphonaptera				1			
JHM	C	Chelicerata	Araneae	Lycosidae			44			
JHM	C	Chelicerata	Araneae	Thomisidae			1			
JHM	C	Chelicerata	Araneae	Small spiders			80			
JHM	C	Chelicerata	Opiliones				1			
JHM	C	Malacostraca	Isopoda	Armadillidiidae	Armadilidium	vulgare	7			
JHM	C	Malacostraca	Isopoda	Porcellionidae	Porcellio	scaber	1			
JHM	C	Malacostraca	Isopoda	Philosciidae	Philoscia	muscorum	1			
JHM	C	Gastropoda	Stylommatophora	Slugs			7			
JHM	C	Chilopoda	Lithobiomorpha	Lithobiiade	Lithobius		1			
JHM	C	Collembola	Entemobryomorpha				4			
JHM	C	Insecta	Orthoptera	Acridoidea			1			
JHM	C	Insecta	Hymenoptera	Formicidae			68			
JHM	C	Insecta	Hymenoptera	Parasitic wasp			2			
JHM	C	Insecta	Diptera	Calyptratae			12			
JHM	C	Insecta	Hemiptera	Tingidae			1			
JHM	C	Insecta	Hemiptera	Auchenorrhyncha			4			
JHM	C	Insecta	Hemiptera	Heteroptera			5			
JHM	C	Insecta	Hemiptera	Aphididae			6			
JHM	C	Insecta	Coleoptera	Carabidae	Carabus	violaceus	2			
JHM	C	Insecta	Coleoptera	Carabidae	Pterostichus	melanarius	1			
JHM	C	Insecta	Coleoptera	Carabidae	Pterostichus	madidus	7			
JHM	C	Insecta	Coleoptera	Carabidae	Amara	convexior	10			
JHM	C	Insecta	Coleoptera	Carabidae	Amara	montivaga	7			
JHM	C	Insecta	Coleoptera	Carabidae	Amara	lunicollis	1			
JHM	C	Insecta	Coleoptera	Other beetles			1		Other beetles	
JHM	C	Insecta	Coleoptera	Beetle larvae			2	Y	Small larvae	
JHM	C	Insecta	Coleoptera	Other beetles			2			
JHG	N	Chelicerata	Araneae	Lycosidae			10			
JHG	N	Chelicerata	Araneae	Small spiders			11			
JHG	N	Chelicerata	Araneae	Salticidae			1			
JHG	N	Chelicerata	Opiliones				3			
JHG	N	Chelicerata	Acariformes				1			
JHG	N	Diplopoda	Polydesmida	Polydesmidae	Polydesmus		1			
JHG	N	Gastropoda	Stylommatophora	Slugs			1			
JHG	N	Collembola	Entemobryomorpha				13			
JHG	N	Collembola	Symphypleona				1			
JHG	N	Malacostraca	Isopoda	Armadillidiidae	Armadilidium	vulgare	1			
JHG	N	Malacostraca	Isopoda	Philosciidae	Philoscia	muscorum	2			
JHG	N	Insecta	Hymenoptera	Formicidae			84			
JHG	N	Insecta	Hymenoptera	Parasitic wasp			1			
JHG	N	Insecta	Diptera	Calyptratae			3			
JHG	N	Insecta	Hemiptera	Aphididae			2			
JHG	N	Insecta	Hemiptera	Auchenorrhyncha			1			
JHG	N	Insecta	Hemiptera	Heteroptera			4			
JHG	N	Insecta	Coleoptera	Carabidae	Amara	convexior	2			
JHG	N	Insecta	Coleoptera	Carabidae	Stomis	pumicatus	1			
JHG	N	Insecta	Coleoptera	Staphylinidae			12		red and black 5mm	
JHG	N	Insecta	Coleoptera	Beetle larvae			10	Y	Small larvae	
JHG	N	Insecta	Coleoptera	Staphylinidae			2		Small roves <5mm	
JHG	S	Chelicerata	Araneae	Lycosidae			29			
JHG	S	Chelicerata	Araneae	Small spiders			19			
JHG	S	Chelicerata	Acariformes				5			
JHG	S	Gastropoda	Stylommatophora	Slugs			1			
JHG	S	Collembola	Entemobryomorpha				2			
JHG	S	Malacostraca	Isopoda	Armadillidiidae	Armadilidium	vulgare	2			
JHG	S	Insecta	Hymenoptera	Formicidae			140			
JHG	S	Insecta	Diptera	Calyptratae			1			
JHG	S	Insecta	Hemiptera	Tingidae			3			
JHG	S	Insecta	Hemiptera	Aphididae			2			
JHG	S	Insecta	Hemiptera	Auchenorrhyncha			9			
JHG	S	Insecta	Coleoptera	Carabidae	Carabus	violaceus	1			
JHG	S	Insecta	Coleoptera	Carabidae	Pterostichus	madidus	1			
JHG	S	Insecta	Coleoptera	Carabidae	Amara	montivaga	3			
JHG	S	Insecta	Coleoptera	Carabidae	Amara	convexior	22			
JHG	S	Insecta	Coleoptera	Carabidae	Amara	lunicollis	1			
JHG	S	Insecta	Coleoptera	Carabidae	Harpalus	affinis	1			
JHG	S	Insecta	Coleoptera	Other beetles			1			
JHG	S	Insecta	Coleoptera	Other beetles			1			
JHG	S	Insecta	Coleoptera	Staphylinidae	Ocypus	olens	1			
JHG	S	Insecta	Coleoptera	Staphylinidae			5		red and black	
JHG	S	Insecta	Coleoptera	Staphylinidae			1		small roves	
JHG	S	Insecta	Coleoptera	Elateridae			1			
JHG	E	Gastropoda	Stylommatophora	Slugs			1			
JHG	E	Gastropoda	Stylommatophora	Snails			1			
JHG	E	Malacostraca	Isopoda	Porcellionidae	Porcellio	scaber	5			
JHG	E	Malacostraca	Isopoda	Armadillidiidae	Armadilidium	vulgare	1			
JHG	E	Collembola	Entemobryomorpha				11			
JHG	E	Chelicerata	Araneae	Lycosidae			11			
JHG	E	Chelicerata	Araneae	Small spiders			13			
JHG	E	Chelicerata	Araneae	Salticidae			2			
JHG	E	Chelicerata	Acariformes				4			
JHG	E	Insecta	Hymenoptera	Formicidae			121		1 drone	
JHG	E	Insecta	Hymenoptera	Parasitic wasp			4			
JHG	E	Insecta	Diptera	Calyptratae			1			
JHG	E	Insecta	Hemiptera	Pentatomidae			1			
JHG	E	Insecta	Hemiptera	Auchenorrhyncha			1			
JHG	E	Insecta	Coleoptera	Coccinellidae	Tytthaspis	seddecimpunctata	1			
JHG	E	Insecta	Coleoptera	Staphylinidae			1		small roves	
JHG	E	Insecta	Coleoptera	Staphylinidae			15		Red and black roves	
JHG	E	Insecta	Coleoptera	Carabidae	Pterostichus	madidus	2			
JHG	E	Insecta	Coleoptera	Carabidae	Harpalus	rufipes	1			
JHG	E	Insecta	Coleoptera	Carabidae	Amara	convexior	15			
JHG	E	Insecta	Coleoptera	Carabidae	Amara	lunicollis	2			
JHG	E	Insecta	Coleoptera	Beetle larvae			11	Y	Small beetle larvae	
JHG	E	Insecta	Coleoptera	Other beetles			2			
JHG	W	Gastropoda	Stylommatophora	Snails			4			
JHG	W	Chelicerata	Araneae	Lycosidae			17			
JHG	W	Chelicerata	Araneae	Small spiders			5			
JHG	W	Chelicerata	Acariformes				5			
JHG	W	Diplopoda	Polydesmida	Polydesmidae	Polydesmus		2			
JHG	W	Diplopoda	Other milipedes				1		Tubular millipede	
JHG	W	Malacostraca	Isopoda	Porcellionidae	Porcellio	scaber	5			
JHG	W	Malacostraca	Isopoda	Armadillidiidae	Armadilidium	vulgare	2			
JHG	W	Collembola	Entemobryomorpha				11			
JHG	W	Insecta	Hymenoptera	Formicidae			206		1 winged queen	
JHG	W	Insecta	Hymenoptera	Parasitic wasp			4			
JHG	W	Insecta	Orthoptera	Acridoidea			1			
JHG	W	Insecta	Diptera	Calyptratae			4			
JHG	W	Insecta	Hemiptera	Auchenorrhyncha			2			
JHG	W	Insecta	Hemiptera	Heteroptera			1			
JHG	W	Insecta	Hemiptera	Aphididae			3			
JHG	W	Insecta	Coleoptera	Staphylinidae			14		red and black roves	
JHG	W	Insecta	Coleoptera	Staphylinidae			2		>15mm roves	
JHG	W	Insecta	Coleoptera	Staphylinidae			4		Small roves	
JHG	W	Insecta	Coleoptera	Carabidae	Pterostichus	madidus	1			
JHG	W	Insecta	Coleoptera	Carabidae	Poecilus	cupreus	1			
JHG	W	Insecta	Coleoptera	Carabidae	Amara	convexior	15			
JHG	W	Insecta	Coleoptera	Carabidae	Ophonus	rupicola	3			
JHG	W	Insecta	Coleoptera	Carabidae	Amara	communis	3			
JHG	W	Insecta	Coleoptera	Carabidae	Amara	montivaga	1			
JHG	W	Insecta	Coleoptera	Carabidae	Pterostichus	vernalis	1			
JHG	W	Insecta	Coleoptera	Beetle larvae			6	Y		
JHG	W	Insecta	Coleoptera	Other beetles			1			
JHG	C	Gastropoda	Stylommatophora	Slugs			1			
JHG	C	Gastropoda	Stylommatophora	Snails			4			
JHG	C	Chelicerata	Araneae	Lycosidae			7			
JHG	C	Chelicerata	Araneae	Small spiders			23			
JHG	C	Chelicerata	Opiliones				2			
JHG	C	Chelicerata	Acariformes				1			
JHG	C	Diplopoda	Polydesmida	Polydesmidae	Polydesmus		1			
JHG	C	Collembola	Entemobryomorpha				2			
JHG	C	Insecta	Hymenoptera	Formicidae			130			
JHG	C	Insecta	Hymenoptera	Parasitic wasp			4			
JHG	C	Insecta	Diptera	Calyptratae			3			
JHG	C	Insecta	Diptera	Lower flies			1			
JHG	C	Insecta	Hemiptera	Auchenorrhyncha			3			
JHG	C	Insecta	Hemiptera	Aphididae			9			
JHG	C	Insecta	Coleoptera	Staphylinidae			6		red and black roves	
JHG	C	Insecta	Coleoptera	Staphylinidae			3		small roves	
JHG	C	Insecta	Coleoptera	Carabidae	Pterostichus	madidus	1			
JHG	C	Insecta	Coleoptera	Carabidae	Amara	convexior	7			
JHG	C	Insecta	Coleoptera	Other beetles			2			
JHG	C	Insecta	Coleoptera	Beetle larvae			2	Y	Small larvae	
JHO	N	Gastropoda	Stylommatophora	Slugs			6			
JHO	N	Chelicerata	Araneae	Lycosidae			14			
JHO	N	Chelicerata	Araneae	Small spiders			12			
JHO	N	Chelicerata	Opiliones				1			
JHO	N	Malacostraca	Isopoda	Armadillidiidae	Armadilidium	vulgare	4			
JHO	N	Chilopoda	Lithobiomorpha	Lithobiiade	Lithobius		1			
JHO	N	Collembola	Entemobryomorpha				2			
JHO	N	Insecta	Orthoptera	Acridoidea			1			
JHO	N	Insecta	Hymenoptera	Formicidae			146			
JHO	N	Insecta	Hymenoptera	Parasitic wasp			1			
JHO	N	Insecta	Diptera	Calyptratae			1			
JHO	N	Insecta	Hemiptera	Tingidae			1			
JHO	N	Insecta	Hemiptera	Auchenorrhyncha			4			
JHO	N	Insecta	Hemiptera	Heteroptera			6			
JHO	N	Insecta	Hemiptera	Aphididae			2			
JHO	N	Insecta	Coleoptera	Staphylinidae	Ocypus	olens	2			
JHO	N	Insecta	Coleoptera	Staphylinidae			1		large rove >15mm	
JHO	N	Insecta	Coleoptera	Staphylinidae			1		red and black	
JHO	N	Insecta	Coleoptera	Other beetles			1			
JHO	N	Insecta	Coleoptera	Other beetles			1			
JHO	N	Insecta	Coleoptera	Carabidae	Pterostichus	madidus	2			
JHO	N	Insecta	Coleoptera	Carabidae	Amara	montivaga	26			
JHO	N	Insecta	Coleoptera	Carabidae	Harpalus	affinis	3			
JHO	N	Insecta	Coleoptera	Carabidae	Amara	convexior	6			
JHO	S	Gastropoda	Stylommatophora	Slugs			3			
JHO	S	Clitellata	Opisthothora				1			
JHO	S	Chelicerata	Araneae	Lycosidae			22			
JHO	S	Chelicerata	Araneae	Small spiders			17			
JHO	S	Chelicerata	Araneae	Salticidae			1			
JHO	S	Chelicerata	Acariformes				1			
JHO	S	Malacostraca	Isopoda	Porcellionidae	Porcellio	scaber	1			
JHO	S	Malacostraca	Isopoda	Armadillidiidae	Armadilidium	vulgare	6			
JHO	S	Collembola	Entemobryomorpha				2			
JHO	S	Diplopoda	Lithobiomorpha	Lithobiiade	Lithobius		2			
JHO	S	Insecta	Hymenoptera	Formicidae			118			
JHO	S	Insecta	Diptera	Calyptratae			10			
JHO	S	Insecta	Hemiptera	Aphididae			1			
JHO	S	Insecta	Hemiptera	Auchenorrhyncha			3			
JHO	S	Insecta	Hemiptera	Heteroptera			1			
JHO	S	Insecta	Coleoptera	Elateridae			1			
JHO	S	Insecta	Coleoptera	Staphylinidae			2		red and black roves	
JHO	S	Insecta	Coleoptera	Staphylinidae			1		10m brown rove	
JHO	S	Insecta	Coleoptera	Small beetles			3			
JHO	S	Insecta	Coleoptera	Beetle larvae			2	Y	Small larvae	
JHO	S	Insecta	Coleoptera	Carabidae	Harpalus	rufipes	1			
JHO	S	Insecta	Coleoptera	Carabidae	Pterostichus	madidus	2			
JHO	S	Insecta	Coleoptera	Carabidae	Amara	lunicollis	2			
JHO	S	Insecta	Coleoptera	Carabidae	Ophonus	rupicola	1			
JHO	S	Insecta	Coleoptera	Carabidae	Amara	convexior	3			
JHO	S	Insecta	Coleoptera	Carabidae	Amara	montivaga	1			
JHO	E	Gastropoda	Stylommatophora	Slugs			3			
JHO	E	Chelicerata	Araneae	Lycosidae			25			
JHO	E	Chelicerata	Araneae	Small spiders			11			
JHO	E	Collembola	Entemobryomorpha				3			
JHO	E	Diplopoda	Polydesmida	Polydesmidae	Polydesmus		1			
JHO	E	Malacostraca	Isopoda	Armadillidiidae	Armadilidium	vulgare	2			
JHO	E	Insecta	Hymenoptera	Formicidae			85			
JHO	E	Insecta	Hymenoptera	Parasitic wasp			1			
JHO	E	Insecta	Diptera	Calyptratae			1			
JHO	E	Insecta	Hemiptera	Tingidae			1			
JHO	E	Insecta	Hemiptera	Aphididae			1			
JHO	E	Insecta	Hemiptera	Auchenorrhyncha			4			
JHO	E	Insecta	Coleoptera	Staphylinidae			1		15mm rove	
JHO	E	Insecta	Coleoptera	Staphylinidae			3		red and black	
JHO	E	Insecta	Coleoptera	Carabidae	Carabus	violaceus	1			
JHO	E	Insecta	Coleoptera	Carabidae	Amara	convexior	12			
JHO	E	Insecta	Coleoptera	Carabidae	Amara	lunicollis	3			
JHO	E	Insecta	Coleoptera	Carabidae	Amara	montivaga	1			
JHO	E	Insecta	Coleoptera	Elateridae			2			
JHO	E	Insecta	Coleoptera	Beetle larvae			1	Y	Beetle larvae	
JHO	W	Chelicerata	Araneae	Lycosidae			24			
JHO	W	Chelicerata	Araneae	Small spiders			9			
JHO	W	Gastropoda	Stylommatophora	Slugs			2			
JHO	W	Clitellata	Opisthothora				1			
JHO	W	Collembola	Entemobryomorpha				3			
JHO	W	Malacostraca	Isopoda	Armadillidiidae	Armadilidium	vulgare	4			
JHO	W	Malacostraca	Isopoda	Porcellionidae	Porcellio	scaber	1			
JHO	W	Insecta	Hymenoptera	Formicidae			80			
JHO	W	Insecta	Hymenoptera	Anthophila	Bombus		1			
JHO	W	Insecta	Diptera	Calyptratae			2			
JHO	W	Insecta	Hemiptera	Auchenorrhyncha			3			
JHO	W	Insecta	Hemiptera	Heteroptera			1			
JHO	W	Insecta	Coleoptera	Staphylinidae			2		15mm black roves	
JHO	W	Insecta	Coleoptera	Staphylinidae			1		9mm black rove	
JHO	W	Insecta	Coleoptera	Staphylinidae			1		red and black roves	
JHO	W	Insecta	Coleoptera	Carabidae	Carabus	violaceus	3			
JHO	W	Insecta	Coleoptera	Carabidae	Pterostichus	madidus	7			
JHO	W	Insecta	Coleoptera	Carabidae	Amara	montivaga	4			
JHO	W	Insecta	Coleoptera	Carabidae	Amara	convexior	1			
JHO	W	Insecta	Coleoptera	Other beetles			3			
JHO	W	Insecta	Coleoptera	Beetle larvae			5	Y		
JHO	C	Gastropoda	Stylommatophora	Slugs			7			
JHO	C	Chelicerata	Araneae	Lycosidae			5			
JHO	C	Chelicerata	Araneae	Small spiders			6			
JHO	C	Chelicerata	Opiliones				2			
JHO	C	Chelicerata	Acariformes				12			
JHO	C	Collembola	Entemobryomorpha				5			
JHO	C	Diplopoda	Polydesmida	Polydesmidae	Polydesmus		1			
JHO	C	Malacostraca	Isopoda	Armadillidiidae	Armadilidium	vulgare	1			
JHO	C	Malacostraca	Isopoda	Porcellionidae	Porcellio	scaber	3			
JHO	C	Insecta	Hymenoptera	Formicidae			112			
JHO	C	Insecta	Hymenoptera	Parasitic wasp			3			
JHO	C	Insecta	Diptera	Calyptratae			2			
JHO	C	Insecta	Hemiptera	Auchenorrhyncha			1			
JHO	C	Insecta	Hemiptera	Aphididae			2			
JHO	C	Insecta	Coleoptera	Staphylinidae			2		5mm black roves	
JHO	C	Insecta	Coleoptera	Staphylinidae			4		red and black roves	
JHO	C	Insecta	Coleoptera	Staphylinidae			3		Small roves	
JHO	C	Insecta	Coleoptera	Carabidae	Amara	lunicollis	2			
JHO	C	Insecta	Coleoptera	Carabidae	Amara	convexior	2			
JHO	C	Insecta	Coleoptera	Other beetles			1			
JHO	C	Insecta	Coleoptera	Beetle larvae			1	Y		
JHB	N	Gastropoda	Stylommatophora	Slugs			1			
JHB	N	Chelicerata	Araneae	Small spiders			2			
JHB	N	Chelicerata	Opiliones				5			
JHB	N	Collembola	Entemobryomorpha				8			
JHB	N	Malacostraca	Isopoda	Philosciidae	Philoscia	muscorum	1			
JHB	N	Insecta	Hymenoptera	Formicidae			6			
JHB	N	Insecta	Hymenoptera	Parasitic wasp			3			
JHB	N	Insecta	Diptera	Calyptratae			1			
JHB	N	Insecta	Diptera	Lower flies			2			
JHB	N	Insecta	Hemiptera	Auchenorrhyncha			1			
JHB	N	Insecta	Hemiptera	Aphididae			2			
JHB	N	Insecta	Coleoptera	Carabidae	Pterostichus	madidus	22			
JHB	N	Insecta	Coleoptera	Small beetles			3			
JHB	N	Insecta	Coleoptera	Staphylinidae			7		small roves	
JHB	S	Gastropoda	Stylommatophora	Slugs			4			
JHB	S	Diplopoda	Polydesmida	Polydesmidae	Polydesmus		1			
JHB	S	Diplopoda	Other milipedes				2			
JHB	S	Chelicerata	Araneae	Small spiders			4			
JHB	S	Chelicerata	Opiliones				3			
JHB	S	Chelicerata	Acariformes				2			
JHB	S	Malacostraca	Isopoda	Philosciidae	Philoscia	muscorum	1			
JHB	S	Collembola	Entemobryomorpha				19			
JHB	S	Insecta	Hymenoptera	Formicidae			6			
JHB	S	Insecta	Hymenoptera	Parasitic wasp			4			
JHB	S	Insecta	Hemiptera	Auchenorrhyncha			2			
JHB	S	Insecta	Hemiptera	Aphididae			8			
JHB	S	Insecta	Diptera	Calyptratae			2			
JHB	S	Insecta	Diptera	Lower flies			1			
JHB	S	Insecta	Coleoptera	Beetle larvae			6	Y		
JHB	S	Insecta	Coleoptera	Other beetles			1			
JHB	S	Insecta	Coleoptera	Staphylinidae			2		Small roves	
JHB	S	Insecta	Coleoptera	Carabidae	Pterostichus	madidus	8			
JHB	S	Insecta	Coleoptera	Carabidae	Stomis	pumicatus	1			
JHB	E	Gastropoda	Stylommatophora	Slugs			1			
JHB	E	Gastropoda	Stylommatophora	Snails			1			
JHB	E	Chelicerata	Araneae	Small spiders			1			
JHB	E	Chelicerata	Araneae	Lycosidae			1			
JHB	E	Chelicerata	Opiliones				4			
JHB	E	Chelicerata	Acariformes				3			
JHB	E	Malacostraca	Isopoda	Armadillidiidae	Armadilidium	vulgare	2			
JHB	E	Malacostraca	Isopoda	Philosciidae	Philoscia	muscorum	2			
JHB	E	Malacostraca	Isopoda	Porcellionidae	Porcellio	scaber	1			
JHB	E	Collembola	Entemobryomorpha				23			
JHB	E	Insecta	Hymenoptera	Formicidae			9			
JHB	E	Insecta	Hymenoptera	Parasitic wasp			13			
JHB	E	Insecta	Lepidoptera				1			
JHB	E	Insecta	Hemiptera	Aphididae			6			
JHB	E	Insecta	Diptera	Calyptratae			1			
JHB	E	Insecta	Diptera	Lower flies			12			
JHB	E	Insecta	Coleoptera	Staphylinidae			1		15mm black rove	
JHB	E	Insecta	Coleoptera	Staphylinidae			3		red and black	
JHB	E	Insecta	Coleoptera	Staphylinidae			2		small roves	
JHB	E	Insecta	Coleoptera	Carabidae	Pterostichus	madidus	70			
JHB	E	Insecta	Coleoptera	Carabidae	Pterostichus	niger	1			
JHB	E	Insecta	Coleoptera	Beetle larvae			3	Y		
JHB	E	Insecta	Coleoptera	Other beetles			5			
JHB	W	Gastropoda	Stylommatophora	Slugs			2			
JHB	W	Chelicerata	Araneae	Small spiders			7			
JHB	W	Chelicerata	Acariformes				2			
JHB	W	Chelicerata	Opiliones				5			
JHB	W	Chilopoda	Lithobiomorpha	Lithobiiade	Lithobius		1			
JHB	W	Collembola	Entemobryomorpha				36			
JHB	W	Malacostraca	Isopoda	Armadillidiidae	Armadilidium	vulgare	4			
JHB	W	Malacostraca	Isopoda	Philosciidae	Philoscia	muscorum	1			
JHB	W	Insecta	Hymenoptera	Formicidae			3			
JHB	W	Insecta	Hymenoptera	Parasitic wasp			18			
JHB	W	Insecta	Diptera	Lower flies			1			
JHB	W	Insecta	Hemiptera	Aphididae			16			
JHB	W	Insecta	Coleoptera	Staphylinidae			1		red and black	
JHB	W	Insecta	Coleoptera	Staphylinidae			1		small roves	
JHB	W	Insecta	Coleoptera	Carabidae	Pterostichus	madidus	34			
JHB	W	Insecta	Coleoptera	Beetle larvae			2	Y		
JHB	C	Gastropoda	Stylommatophora	Slugs			1			
JHB	C	Chelicerata	Araneae	Small spiders			3			
JHB	C	Chelicerata	Opiliones				10			
JHB	C	Chelicerata	Acariformes				2			
JHB	C	Collembola	Entemobryomorpha				14			
JHB	C	Collembola	Symphypleona				1			
JHB	C	Malacostraca	Isopoda	Philosciidae	Philoscia	muscorum	1			
JHB	C	Insecta	Hymenoptera	Formicidae			4			
JHB	C	Insecta	Hymenoptera	Parasitic wasp			16			
JHB	C	Insecta	Diptera	Lower flies			8			
JHB	C	Insecta	Hemiptera	Aphididae			36			
JHB	C	Insecta	Coleoptera	Staphylinidae			1		15mm black rove	
JHB	C	Insecta	Coleoptera	Carabidae	Pterostichus	madidus	37			
JHB	C	Insecta	Coleoptera	Carabidae	Carabus	nemoralis	1			
JHB	C	Insecta	Coleoptera	Other beetles			2			
JHB	C	Insecta	Coleoptera	Beetle larvae			1	Y		
JHH	N	Chelicerata	Araneae	Small spiders			6			
JHH	N	Chelicerata	Opiliones				5			
JHH	N	Chelicerata	Acariformes				1			
JHH	N	Gastropoda	Stylommatophora	Snails			1			
JHH	N	Malacostraca	Isopoda	Armadillidiidae	Armadilidium	vulgare	1			
JHH	N	Malacostraca	Isopoda	Philosciidae	Philoscia	muscorum	6			
JHH	N	Malacostraca	Isopoda	Porcellionidae	Porcellio	scaber	1			
JHH	N	Collembola	Entemobryomorpha				36			
JHH	N	Insecta	Dermaptera				1			
JHH	N	Insecta	Hymenoptera	Formicidae			11			
JHH	N	Insecta	Hymenoptera	Parasitic wasp			6			
JHH	N	Insecta	Diptera	Lower flies			2			
JHH	N	Insecta	Diptera	Calyptratae			3			
JHH	N	Insecta	Hemiptera	Auchenorrhyncha			1			
JHH	N	Insecta	Hemiptera	Aphididae			1			
JHH	N	Insecta	Coleoptera	Staphylinidae			1		15mm rove	
JHH	N	Insecta	Coleoptera	Staphylinidae			2		red and black	
JHH	N	Insecta	Coleoptera	Staphylinidae			2		small roves	
JHH	N	Insecta	Coleoptera	Carabidae	Pterostichus	madidus	18			
JHH	N	Insecta	Coleoptera	Carabidae	Carabus	nemoralis	2			
JHH	N	Insecta	Coleoptera	Carabidae	Pterostichus	niger	1			
JHH	N	Insecta	Coleoptera	Carabidae	Ophonus	schaubergerianus	3			
JHH	N	Insecta	Coleoptera	Beetle larvae			4	Y		
JHH	S	Gastropoda	Stylommatophora	Snails			3			
JHH	S	Chelicerata	Araneae	Small spiders			3			
JHH	S	Chelicerata	Acariformes				4			
JHH	S	Chelicerata	Opiliones				1			
JHH	S	Chilopoda	Lithobiomorpha	Lithobiiade	Lithobius		1			
JHH	S	Malacostraca	Isopoda	Philosciidae	Philoscia	muscorum	1			
JHH	S	Collembola	Entemobryomorpha				13			
JHH	S	Insecta	Hymenoptera	Formicidae			1			
JHH	S	Insecta	Hymenoptera	Parasitic wasp			3			
JHH	S	Insecta	Diptera	Lower flies			3			
JHH	S	Insecta	Diptera	Calyptratae			3			
JHH	S	Insecta	Hemiptera	Auchenorrhyncha			1			
JHH	S	Insecta	Coleoptera	Staphylinidae			1		15mm rove	
JHH	S	Insecta	Coleoptera	Carabidae	Pterostichus	madidus	15			
JHH	S	Insecta	Coleoptera	Small beetles			1			
JHH	S	Insecta	Coleoptera	Staphylinidae			2		small roves	
JHH	S	Insecta	Coleoptera	Beetle larvae			1	Y		
JHH	E	Chelicerata	Araneae	Small spiders			6			
JHH	E	Gastropoda	Stylommatophora	Snails			1			
JHH	E	Malacostraca	Isopoda	Philosciidae	Philoscia	muscorum	1			
JHH	E	Collembola	Entemobryomorpha				9			
JHH	E	Insecta	Hymenoptera	Formicidae			14			
JHH	E	Insecta	Hymenoptera	Parasitic wasp			3			
JHH	E	Insecta	Hymenoptera	Vespidae	Vespula	germanica	1			
JHH	E	Insecta	Diptera	Lower flies			1			
JHH	E	Insecta	Hemiptera	Aphididae			4			
JHH	E	Insecta	Hemiptera	Auchenorrhyncha			4			
JHH	E	Insecta	Coleoptera	Staphylinidae			4		red and black	
JHH	E	Insecta	Coleoptera	Staphylinidae			2		Small roves	
JHH	E	Insecta	Coleoptera	Other beetles			1			
JHH	E	Insecta	Coleoptera	Beetle larvae			6	Y		
JHH	E	Insecta	Coleoptera	Carabidae	Pterostichus	madidus	2			
JHH	E	Insecta	Coleoptera	Carabidae	Stomis	pumicatus	1			
JHH	W	Chelicerata	Araneae	Small spiders			4			
JHH	W	Chelicerata	Opiliones				3			
JHH	W	Malacostraca	Isopoda	Philosciidae	Philoscia	muscorum	1			
JHH	W	Malacostraca	Isopoda	Porcellionidae	Porcellio	scaber	1			
JHH	W	Collembola	Entemobryomorpha				14			
JHH	W	Insecta	Hymenoptera	Formicidae			9			
JHH	W	Insecta	Hymenoptera	Parasitic wasp			3			
JHH	W	Insecta	Diptera	Calyptratae			1			
JHH	W	Insecta	Hemiptera	Aphididae			1			
JHH	W	Insecta	Coleoptera	Staphylinidae			3		red and black	
JHH	W	Insecta	Coleoptera	Beetle larvae			9	Y		
JHH	W	Insecta	Coleoptera	Carabidae	Pterostichus	madidus	36			
JHH	W	Insecta	Coleoptera	Carabidae	Carabus	nemoralis	1			
JHH	C	Chelicerata	Araneae	Small spiders			18			
JHH	C	Chelicerata	Opiliones				9			
JHH	C	Chelicerata	Acariformes				4			
JHH	C	Gastropoda	Stylommatophora	Slugs			1			
JHH	C	Gastropoda	Stylommatophora	Snails			1			
JHH	C	Malacostraca	Isopoda	Armadillidiidae	Armadilidium	vulgare	6			
JHH	C	Malacostraca	Isopoda	Philosciidae	Philoscia	muscorum	5			
JHH	C	Chilopoda	Lithobiomorpha	Lithobiiade	Lithobius		1			
JHH	C	Collembola	Entemobryomorpha				43			
JHH	C	Insecta	Hymenoptera	Formicidae			3			
JHH	C	Insecta	Hymenoptera	Parasitic wasp			6			
JHH	C	Insecta	Diptera	Calyptratae			5			
JHH	C	Insecta	Diptera	Lower flies			3			
JHH	C	Insecta	Hemiptera	Aphididae			2			
JHH	C	Insecta	Coleoptera	Staphylinidae			3		red and black	
JHH	C	Insecta	Coleoptera	Staphylinidae			3		Small roves	
JHH	C	Insecta	Coleoptera	Beetle larvae			10	Y		
JHH	C	Insecta	Coleoptera	Carabidae	Pterostichus	madidus	28			
JHH	C	Insecta	Coleoptera	Carabidae	Carabus	nemoralis	2			
JHH	C	Insecta	Coleoptera	Carabidae	Ophonus	schaubergerianus	1			
JHH	C	Insecta	Coleoptera	Carabidae	Amara	communis	1			
